Pittsburgh, PA,
St. Petersburg, FL,
Kansas City, MO,
Milwaukee, WI,
Baltimore, MD,
Arlington, TX,
Atlanta, GA,
Cincinnati, OH,
San Diego, CA,
Phoenix, AZ,
Anaheim, CA,
Oakland, CA,
Bronx, NY,
Cleveland, OH,
Miami, FL,
Washington, DC,
San Francisco, CA,
Detroit, MI,
Queens, NY,
Denver, CO,
Toronto, ON,
Seattle, WA,
Boston, MA,
Philadelphia, PA,
Minneapolis, MN,
St. Louis, MO,
Chicago, IL,
Houston, TX,
Los Angeles, CA,
Williamsport, PA,
Clearwater, FL,
Sarasota, FL,
Palm Beach, FL,
Fort Myers, FL,
Dunedin, FL,
Surprise, AZ,
Peoria, AZ,
Goodyear, AZ,
Scottsdale, AZ,
Mesa, AZ,
Port Charlotte, FL,
Bradenton, FL,
Lakeland, FL,
Port St. Lucie, FL,
Tempe, AZ,
Kissimmee, FL,
Tampa, FL,
North Port, FL,
Montreal, QC,
Omaha, NE,
Buffalo, NY,
Dyersville, IA,
